comuna,ica,fecha,id
comuna 10 ,11,2024-07-31,33823
comuna 2,64,2024-06-25,47666
comuna 9,85,2024-06-25,34488
comuna 4,23,2024-06-23,39353
comuna 2,11,2024-06-23,11981
comuna 4,100,2024-07-31,6517
comuna 8,19,2024-01-30,8164
comuna 7,21,2024-06-25,23847
comuna 6,32,2024-06-25,15962
comuna 1,21,2024-06-23,41493
comuna16,17,2024-06-25,783
comuna 2,76,2024-06-25,39120
comuna 14,30,2024-01-30,33960
comuna 5,55,2024-07-31,34109
comuna 10 ,36,2024-06-23,33556
comuna 2,57,2024-07-31,31514
comuna 13,92,2024-07-31,14734
comuna 4,74,2024-07-31,3905
comuna 2,43,2024-07-31,28961
comuna 15,27,2024-06-23,13938
comuna 10 ,28,2024-06-23,37127
comuna 3 ,66,2024-07-31,30959
comuna 4,13,2024-06-25,39821
comuna 1,99,2024-01-30,12708
comuna 3 ,11,2024-06-25,49479
comuna 15,90,2024-06-23,43
comuna 5,84,2024-06-25,1555
comuna 4,65,2024-06-25,1697
comuna 12 ,36,2024-07-31,12258
comuna 13,87,2024-01-30,26475
comuna 12 ,66,2024-01-30,5465
comuna 4,93,2024-06-25,11834
comuna 10 ,64,2024-01-30,30358
comuna 8,98,2024-07-31,16924
comuna 10 ,12,2024-01-30,27291
comuna 15,75,2024-07-31,21041
comuna 1,11,2024-06-25,3175
comuna16,39,2024-06-23,46666
comuna 9,42,2024-06-23,20959
comuna 5,92,2024-01-30,30467
comuna 15,41,2024-06-25,2521
comuna 11,39,2024-06-25,36021
comuna 5,61,2024-07-31,23997
comuna 3 ,83,2024-01-30,31329
comuna 7,59,2024-06-23,37854
comuna 2,100,2024-07-31,15491
comuna16,75,2024-06-25,15342
comuna 1,73,2024-06-23,26759
comuna 12 ,31,2024-07-31,6086
comuna 12 ,16,2024-07-31,24096
comuna 7,10,2024-06-25,32428
comuna 1,20,2024-07-31,28869
comuna 6,28,2024-06-23,19706
comuna 10 ,38,2024-06-25,16814
comuna 5,60,2024-01-30,32004
comuna 15,30,2024-06-23,22916
comuna16,56,2024-07-31,17980
comuna 12 ,14,2024-06-23,24558
comuna 6,13,2024-06-25,33176
comuna 13,57,2024-01-30,33923
comuna 6,40,2024-06-25,12530
comuna 5,69,2024-06-23,29235
comuna 4,87,2024-06-25,1991
comuna 3 ,99,2024-06-25,30046
comuna 14,28,2024-01-30,6913
comuna 9,36,2024-06-23,36370
comuna16,78,2024-06-23,42866
comuna 6,76,2024-06-25,33124
comuna 3 ,54,2024-06-25,11388
comuna 12 ,59,2024-06-25,32441
comuna 3 ,24,2024-06-23,46756
comuna 13,52,2024-07-31,32099
comuna 15,31,2024-06-25,29735
comuna16,56,2024-06-25,39568
comuna 3 ,93,2024-01-30,39031
comuna 3 ,78,2024-07-31,17602
comuna 14,10,2024-06-23,148
comuna 12 ,47,2024-07-31,1045
comuna16,67,2024-06-25,31780
comuna 15,73,2024-06-25,27945
comuna 6,55,2024-06-25,18503
comuna 7,45,2024-07-31,41226
comuna 6,89,2024-07-31,7270
comuna 10 ,95,2024-06-25,38111
comuna 1,87,2024-06-25,45504
comuna 5,24,2024-06-25,18084
comuna 3 ,56,2024-01-30,14643
comuna 14,38,2024-06-23,38214
comuna 8,74,2024-06-25,45528
comuna 15,64,2024-06-25,48850
comuna 15,72,2024-06-25,6082
comuna 7,97,2024-06-25,10982
comuna 9,89,2024-07-31,37848
comuna 3 ,75,2024-06-25,45948
comuna 12 ,74,2024-06-23,44218
comuna16,47,2024-01-30,27056
comuna 10 ,27,2024-06-23,36382
comuna16,56,2024-06-23,33044
comuna 15,49,2024-01-30,43431
comuna 10 ,72,2024-06-25,25026
comuna 1,86,2024-06-25,12220
comuna 1,47,2024-06-25,12388
comuna 13,93,2024-07-31,30328
comuna 6,67,2024-06-23,5777
comuna 5,56,2024-06-25,44499
comuna 5,98,2024-06-23,26577
comuna 10 ,19,2024-06-25,15644
comuna 13,42,2024-01-30,17804
comuna 14,99,2024-07-31,36433
comuna 9,23,2024-01-30,3025
comuna 7,24,2024-06-25,29602
comuna 8,27,2024-01-30,45078
comuna 9,73,2024-06-25,23480
comuna 9,80,2024-01-30,4964
comuna 1,65,2024-06-23,18688
comuna 4,100,2024-06-25,12227
comuna 15,45,2024-06-23,6845
comuna 11,98,2024-06-23,28804
comuna 4,80,2024-07-31,41224
comuna 8,75,2024-01-30,13091
comuna 8,48,2024-07-31,41035
comuna 10 ,83,2024-06-23,8137
comuna 1,41,2024-06-23,9643
comuna 10 ,97,2024-01-30,10575
comuna 9,86,2024-07-31,46305
comuna 9,46,2024-06-25,6585
comuna 10 ,53,2024-06-25,14108
comuna 5,75,2024-01-30,37806
comuna16,33,2024-07-31,49651
comuna 9,42,2024-06-25,7024
comuna 13,20,2024-06-23,14554
comuna 1,10,2024-06-25,41999
comuna 11,16,2024-01-30,18714
comuna 15,26,2024-07-31,35194
comuna 8,36,2024-06-23,46035
comuna 11,76,2024-06-25,32033
comuna 15,19,2024-06-23,35802
comuna 11,61,2024-07-31,12331
comuna 10 ,93,2024-07-31,23133
comuna 6,93,2024-07-31,34470
comuna 1,38,2024-06-23,44748
comuna 6,53,2024-06-25,48739
comuna 13,98,2024-06-25,11205
comuna 4,79,2024-01-30,35721
comuna 8,96,2024-01-30,15569
comuna 3 ,20,2024-01-30,18967
comuna 15,18,2024-01-30,11894
comuna16,97,2024-06-23,25901
comuna 7,81,2024-06-25,30961
comuna 10 ,81,2024-07-31,44722
comuna 3 ,30,2024-06-25,40520
comuna 3 ,66,2024-06-25,30758
comuna 10 ,27,2024-06-23,48821
comuna 13,78,2024-01-30,6785
comuna 3 ,49,2024-07-31,4115
comuna 15,36,2024-01-30,36864
comuna 15,94,2024-01-30,20106
comuna 14,90,2024-07-31,8962
comuna 8,59,2024-06-23,39356
comuna 6,23,2024-06-23,16962
comuna 4,64,2024-07-31,5543
comuna 3 ,17,2024-07-31,14865
comuna 8,99,2024-06-23,41051
comuna 4,68,2024-06-23,5169
comuna 8,31,2024-06-25,1322
comuna 13,38,2024-06-25,23386
comuna 3 ,88,2024-01-30,40674
comuna 9,64,2024-06-25,44492
comuna 11,56,2024-07-31,19990
comuna 14,15,2024-06-23,22039
comuna 1,55,2024-06-25,10969
comuna 15,58,2024-06-25,40895
comuna 13,77,2024-06-25,39777
comuna 2,88,2024-06-23,20421
comuna 11,90,2024-06-25,28056
comuna 14,83,2024-01-30,25883
comuna 8,67,2024-01-30,16193
comuna 15,14,2024-06-25,37254
comuna 2,71,2024-06-25,42088
comuna16,39,2024-01-30,25326
comuna 10 ,89,2024-07-31,16070
comuna 3 ,90,2024-06-23,3386
comuna 6,59,2024-07-31,39279
comuna 5,44,2024-06-25,42398
comuna 2,18,2024-07-31,871
comuna 15,36,2024-06-23,10501
comuna 10 ,83,2024-06-23,44311
comuna 6,43,2024-06-23,39969
comuna 8,21,2024-01-30,29132
comuna 14,26,2024-01-30,8622
comuna 4,69,2024-06-23,49606
comuna 10 ,18,2024-07-31,439
comuna 3 ,18,2024-06-23,34149
comuna 3 ,90,2024-01-30,18112
comuna 9,58,2024-06-25,20654
comuna 11,10,2024-07-31,19617
comuna 12 ,70,2024-01-30,17996
comuna 11,62,2024-06-23,24933
comuna 9,42,2024-07-31,3667
comuna 9,87,2024-06-25,3500
comuna 12 ,17,2024-06-25,47085
comuna 5,80,2024-01-30,46661
comuna 10 ,25,2024-01-30,34396
comuna 8,76,2024-06-23,46888
comuna 4,90,2024-06-25,14034
comuna 6,14,2024-06-25,9944
comuna 9,84,2024-06-23,17226
comuna 14,54,2024-06-23,38891
comuna 4,100,2024-01-30,36091
comuna 12 ,20,2024-06-23,28476
comuna 2,77,2024-07-31,13591
comuna 13,46,2024-06-23,22627
comuna 8,14,2024-01-30,36825
comuna 6,29,2024-07-31,33311
comuna 13,69,2024-01-30,28934
comuna 1,29,2024-06-23,40654
comuna 14,75,2024-06-23,25712
comuna 14,28,2024-01-30,32860
comuna 2,11,2024-06-25,19272
comuna 6,46,2024-01-30,23803
comuna 15,78,2024-07-31,18518
comuna 14,44,2024-06-23,8463
comuna 9,13,2024-01-30,2307
comuna 4,16,2024-07-31,14059
comuna 4,16,2024-06-23,48066
comuna 12 ,19,2024-06-23,48811
comuna 13,22,2024-06-23,22756
comuna 13,84,2024-06-23,5702
comuna 3 ,70,2024-01-30,7415
comuna 2,71,2024-06-23,39100
comuna 14,12,2024-06-25,12900
comuna 12 ,59,2024-06-25,17286
comuna 1,99,2024-07-31,41360
comuna 10 ,70,2024-01-30,34766
comuna 12 ,53,2024-01-30,38333
comuna 12 ,40,2024-06-23,40659
comuna 9,17,2024-07-31,37279
comuna 10 ,18,2024-07-31,16085
comuna 13,79,2024-06-23,21304
comuna 11,45,2024-06-23,26460
comuna 9,85,2024-07-31,35674
comuna 4,69,2024-06-23,16312
comuna 12 ,83,2024-01-30,9793
comuna 3 ,10,2024-01-30,24010
comuna 4,33,2024-07-31,6754
comuna 5,16,2024-06-25,5025
comuna 13,25,2024-07-31,41370
comuna 14,63,2024-06-23,31276
comuna 6,100,2024-07-31,46389
comuna 12 ,73,2024-06-25,14552
comuna 5,71,2024-06-23,48646
comuna 8,75,2024-01-30,31416
comuna 3 ,66,2024-06-23,12600
comuna 7,28,2024-06-23,2760
comuna 10 ,26,2024-07-31,10404
comuna 14,61,2024-01-30,2926
comuna16,13,2024-01-30,24601
comuna 3 ,51,2024-06-23,37927
comuna 8,96,2024-07-31,7881
comuna 9,38,2024-01-30,4908
comuna 9,23,2024-01-30,23355
comuna 4,80,2024-07-31,45218
comuna16,63,2024-01-30,14704
comuna 10 ,68,2024-01-30,20632
comuna 6,12,2024-06-23,18866
comuna 8,33,2024-06-25,21793
comuna 3 ,88,2024-06-23,26596
comuna16,63,2024-01-30,32339
comuna 3 ,78,2024-01-30,18184
comuna16,68,2024-01-30,43038
comuna 5,10,2024-07-31,1741
comuna 10 ,37,2024-07-31,3578
comuna 13,75,2024-06-25,40079
comuna 9,23,2024-06-23,40970
comuna 8,17,2024-07-31,1803
comuna 14,100,2024-06-25,25997
comuna 9,34,2024-01-30,11735
comuna 6,39,2024-01-30,23207
comuna 13,95,2024-07-31,29093
comuna 11,29,2024-06-25,38356
comuna 4,83,2024-06-23,36952
comuna 1,11,2024-06-25,24545
comuna16,50,2024-07-31,1101
comuna 4,52,2024-06-23,16434
comuna16,63,2024-06-23,25524
comuna 10 ,15,2024-06-23,4783
comuna16,60,2024-01-30,28821
comuna 13,48,2024-07-31,36282
comuna 7,46,2024-06-23,21811
comuna 13,75,2024-06-25,8764
comuna 9,60,2024-06-23,11021
comuna 15,78,2024-06-23,11065
comuna 7,83,2024-06-25,18284
comuna 3 ,55,2024-07-31,31632
comuna 14,81,2024-01-30,38799
comuna 13,11,2024-01-30,36615
comuna 5,66,2024-07-31,1130
comuna 11,55,2024-06-25,31790
comuna 8,10,2024-06-23,46453
comuna 7,31,2024-07-31,17483
comuna 6,82,2024-06-23,37496
comuna 14,74,2024-06-23,37485
comuna 6,18,2024-01-30,43481
comuna 9,26,2024-07-31,19736
comuna 9,53,2024-06-25,45819
comuna 3 ,36,2024-01-30,23788
comuna 12 ,61,2024-07-31,5213
comuna 8,44,2024-07-31,26039
comuna 4,12,2024-07-31,4487
comuna 12 ,85,2024-01-30,15127
comuna16,54,2024-07-31,8935
comuna 5,76,2024-06-23,25643
comuna 8,99,2024-07-31,5667
comuna 9,63,2024-06-25,26769
comuna 3 ,23,2024-06-23,20600
comuna 6,70,2024-06-23,43007
comuna 13,56,2024-06-25,23079
comuna 9,76,2024-01-30,45282
comuna 9,25,2024-07-31,6421
comuna 3 ,52,2024-07-31,44539
comuna 6,11,2024-06-25,42646
comuna16,64,2024-06-23,7982
comuna 1,38,2024-06-23,45234
comuna 1,94,2024-06-23,14599
comuna 7,78,2024-06-23,13533
comuna 14,75,2024-01-30,35947
comuna 11,43,2024-07-31,2437
comuna 14,85,2024-07-31,28295
comuna 14,18,2024-06-23,2163
comuna 8,47,2024-06-25,43987
comuna 9,73,2024-06-25,20957
comuna 14,87,2024-01-30,33740
comuna 8,67,2024-07-31,39539
comuna 8,59,2024-01-30,8193
comuna 14,68,2024-07-31,33666
comuna 14,31,2024-07-31,45615
comuna 13,92,2024-06-23,35384
comuna 10 ,98,2024-06-25,46588
comuna 14,20,2024-07-31,12975
comuna 10 ,42,2024-06-25,48269
comuna 14,96,2024-06-25,36765
comuna 10 ,16,2024-07-31,28949
comuna 6,100,2024-07-31,5569
comuna 8,96,2024-07-31,33759
comuna 7,19,2024-06-23,12985
comuna 5,44,2024-06-25,10383
comuna 12 ,39,2024-06-23,4109
comuna 10 ,60,2024-01-30,40633
comuna 2,32,2024-06-25,43285
comuna 9,44,2024-07-31,42047
comuna 15,29,2024-07-31,37214
comuna 8,33,2024-07-31,26206
comuna 1,65,2024-06-23,6988
comuna 9,20,2024-06-23,29320
comuna 2,47,2024-01-30,39749
comuna 12 ,41,2024-06-25,29048
comuna 13,67,2024-06-25,8270
comuna 15,99,2024-06-25,23895
comuna 6,45,2024-07-31,35237
comuna 12 ,93,2024-06-23,9505
comuna 13,24,2024-01-30,9460
comuna 4,45,2024-06-23,13123
comuna 1,94,2024-06-23,49083
comuna 2,77,2024-01-30,39499
comuna 12 ,26,2024-06-23,39000
comuna 11,14,2024-06-23,6729
comuna 1,96,2024-07-31,11894
comuna 13,85,2024-07-31,11558
comuna 8,43,2024-01-30,31064
comuna 13,38,2024-06-23,41128
comuna 1,65,2024-06-25,7490
comuna 1,47,2024-06-23,19229
comuna 5,79,2024-01-30,40648
comuna 12 ,92,2024-01-30,19029
comuna 11,92,2024-06-25,29764
comuna 15,81,2024-06-25,24388
comuna 8,42,2024-07-31,44152
comuna 14,96,2024-01-30,40684
comuna 9,97,2024-07-31,44941
comuna 7,62,2024-06-25,1321
comuna 12 ,23,2024-01-30,41403
comuna 3 ,58,2024-01-30,35468
comuna 14,82,2024-06-23,33804
comuna 13,73,2024-07-31,16675
comuna 1,60,2024-01-30,426
comuna 13,100,2024-06-25,3531
comuna 1,74,2024-06-23,40934
comuna 13,63,2024-06-25,32629
comuna 2,72,2024-07-31,16495
comuna 9,36,2024-01-30,23850
comuna 2,67,2024-06-25,26764
comuna 9,52,2024-06-23,14253
comuna 11,23,2024-07-31,37485
comuna 12 ,74,2024-06-23,7433
comuna 11,46,2024-07-31,19430
comuna 13,37,2024-07-31,20875
comuna 14,14,2024-06-25,34782
comuna 8,25,2024-01-30,4825
comuna 7,100,2024-07-31,2029
comuna 12 ,60,2024-06-23,42870
comuna 15,21,2024-06-23,29624
comuna 8,66,2024-06-25,39395
comuna 11,48,2024-07-31,16069
comuna 2,76,2024-06-25,8638
comuna 8,79,2024-01-30,36308
comuna 15,36,2024-07-31,6019
comuna 5,77,2024-06-23,10801
comuna 5,19,2024-01-30,33663
comuna 5,77,2024-07-31,34121
comuna 10 ,71,2024-07-31,46128
comuna 7,100,2024-01-30,18850
comuna 15,66,2024-07-31,24308
comuna 2,18,2024-06-23,39180
comuna 8,55,2024-06-23,10376
comuna 5,56,2024-06-23,4604
comuna 8,77,2024-06-25,25549
comuna 3 ,43,2024-01-30,26073
comuna 11,48,2024-07-31,13098
comuna 5,50,2024-01-30,14388
comuna 5,59,2024-07-31,44579
comuna 1,97,2024-07-31,19288
comuna 3 ,80,2024-01-30,24406
comuna 10 ,85,2024-07-31,7024
comuna 1,57,2024-01-30,36648
comuna 1,62,2024-01-30,43472
comuna 3 ,58,2024-06-23,42872
comuna 13,62,2024-07-31,5295
comuna 10 ,60,2024-01-30,32428
comuna 8,35,2024-01-30,8173
comuna 12 ,83,2024-06-25,32421
comuna 13,69,2024-01-30,21595
comuna 7,80,2024-07-31,20953
comuna16,27,2024-06-25,44991
comuna 6,16,2024-06-23,45427
comuna 15,97,2024-01-30,2778
comuna 5,46,2024-01-30,8166
comuna 12 ,49,2024-06-25,22042
comuna 6,34,2024-07-31,22162
comuna 15,39,2024-06-23,39178
comuna 5,42,2024-06-23,40364
comuna 11,66,2024-07-31,40922
comuna 6,89,2024-06-25,9410
comuna 9,40,2024-06-25,6761
comuna 11,14,2024-06-25,38263
comuna 10 ,93,2024-07-31,40396
comuna 3 ,93,2024-06-23,45622
comuna 12 ,32,2024-06-23,48172
comuna 13,43,2024-01-30,44212
comuna 1,37,2024-06-25,42035
comuna 7,74,2024-06-25,38457
comuna16,39,2024-07-31,17370
comuna 10 ,20,2024-07-31,292
comuna 10 ,34,2024-06-23,9410
comuna 9,85,2024-01-30,6636
comuna 10 ,80,2024-07-31,36436
comuna 10 ,15,2024-06-25,48874
comuna 7,64,2024-06-23,42418
comuna 14,13,2024-06-25,31963
comuna16,87,2024-06-25,48649
comuna 9,30,2024-01-30,27240
comuna 14,70,2024-06-23,33793
comuna 11,27,2024-07-31,2009
comuna 15,94,2024-07-31,6829
comuna 12 ,91,2024-07-31,43293
comuna 6,25,2024-06-23,17742
comuna 7,63,2024-07-31,7034
comuna 8,15,2024-06-25,42030
comuna 15,23,2024-01-30,36956
comuna 5,77,2024-06-25,28675
comuna16,77,2024-06-23,39252
comuna 6,48,2024-06-23,1082
comuna 9,85,2024-01-30,32549
comuna 1,14,2024-06-23,32461
comuna 2,94,2024-01-30,1942
comuna 1,30,2024-07-31,28471
comuna 13,26,2024-06-23,37719
comuna 7,60,2024-06-23,31980
comuna 8,89,2024-07-31,32821
comuna 7,32,2024-01-30,43071
comuna 1,44,2024-01-30,22985
comuna 11,40,2024-06-23,22398
comuna 11,21,2024-01-30,11912
comuna 12 ,21,2024-07-31,43833
comuna 5,25,2024-07-31,15276
comuna 8,72,2024-01-30,8574
comuna 13,43,2024-07-31,40362
comuna 3 ,60,2024-06-25,24110
comuna 12 ,26,2024-06-23,12240
comuna16,56,2024-06-23,23068
comuna 11,54,2024-06-25,26420
comuna16,77,2024-07-31,42420
comuna 5,46,2024-01-30,16343
comuna 13,45,2024-01-30,42450
comuna 9,66,2024-06-25,47557
comuna 14,66,2024-06-25,33844
comuna 15,77,2024-01-30,34561
comuna 9,11,2024-07-31,21392
comuna 7,57,2024-06-23,14367
comuna 6,33,2024-01-30,8969
comuna 7,72,2024-06-23,37229
comuna 3 ,56,2024-07-31,12842
comuna 3 ,90,2024-07-31,45409
comuna 7,11,2024-01-30,20692
comuna 13,84,2024-01-30,32827
comuna 1,99,2024-06-23,17375
comuna 11,58,2024-06-25,25996
comuna 15,60,2024-06-25,43971
comuna 13,23,2024-06-25,38041
comuna 14,98,2024-06-25,20576
comuna 11,78,2024-06-23,7049
comuna 1,27,2024-06-25,7004
comuna 11,100,2024-01-30,3978
comuna 12 ,64,2024-06-23,33603
comuna 12 ,93,2024-01-30,14782
comuna 11,10,2024-01-30,9619
comuna16,83,2024-01-30,10321
comuna 13,98,2024-01-30,27280
comuna 14,54,2024-01-30,22013
comuna 5,96,2024-07-31,14961
comuna 7,88,2024-01-30,11090
comuna 7,63,2024-01-30,10651
comuna 13,18,2024-06-25,22974
comuna 7,59,2024-07-31,47965
comuna 5,84,2024-06-25,20337
comuna 5,36,2024-06-23,25582
comuna 14,36,2024-01-30,17719
comuna 10 ,29,2024-06-23,37351
comuna 5,95,2024-07-31,25011
comuna 4,43,2024-07-31,43160
comuna 11,75,2024-06-23,32889
comuna 2,94,2024-07-31,12643
comuna 11,11,2024-06-25,24837
comuna 4,53,2024-06-25,5463
comuna 13,44,2024-01-30,8989
comuna 10 ,55,2024-06-23,49758
comuna 6,42,2024-06-23,9405
comuna 5,62,2024-07-31,20740
comuna 6,24,2024-01-30,26691
comuna 1,25,2024-07-31,11264
comuna 3 ,50,2024-01-30,29021
comuna 6,28,2024-01-30,31237
comuna 9,24,2024-01-30,29725
comuna 5,35,2024-01-30,8557
comuna 3 ,70,2024-07-31,44038
comuna 6,30,2024-01-30,38454
comuna 14,31,2024-06-23,27418
comuna 5,69,2024-06-23,24128
comuna 3 ,25,2024-07-31,28929
comuna 9,34,2024-01-30,27554
comuna 11,74,2024-01-30,23012
comuna 5,77,2024-01-30,3639
comuna 14,70,2024-06-25,37495
comuna 2,55,2024-01-30,12296
comuna 13,48,2024-06-23,49268
comuna16,49,2024-07-31,2034
comuna 5,73,2024-01-30,23239
comuna 9,75,2024-01-30,24735
comuna 11,83,2024-06-23,18561
comuna 3 ,86,2024-06-23,1958
comuna 2,41,2024-01-30,36237
comuna 8,54,2024-07-31,33486
comuna 12 ,80,2024-07-31,48429
comuna 13,55,2024-01-30,15747
comuna 9,18,2024-01-30,7966
comuna 11,35,2024-06-25,36559
comuna 4,74,2024-07-31,44553
comuna 14,43,2024-01-30,39262
comuna 10 ,76,2024-01-30,23845
comuna 15,52,2024-06-25,49131
comuna 12 ,67,2024-01-30,31099
comuna 4,40,2024-06-25,9717
comuna 8,13,2024-06-25,13912
comuna 15,92,2024-06-23,21588
comuna 7,47,2024-06-23,8135
comuna 5,60,2024-07-31,29951
comuna 14,12,2024-06-25,45647
comuna 5,95,2024-06-23,25007
comuna 6,85,2024-06-23,30329
comuna 3 ,13,2024-06-23,16946
comuna 2,74,2024-01-30,33845
comuna 1,62,2024-07-31,28386
comuna 9,92,2024-07-31,33813
comuna 8,83,2024-07-31,20884
comuna16,96,2024-07-31,49368
comuna 1,10,2024-06-25,38967
comuna 3 ,49,2024-07-31,9779
comuna 3 ,58,2024-07-31,14819
comuna16,36,2024-01-30,48481
comuna 7,29,2024-06-25,39624
comuna 11,97,2024-06-25,6485
comuna 9,43,2024-06-23,1111
comuna 13,64,2024-07-31,21752
comuna 5,18,2024-06-25,5426
comuna 13,63,2024-06-25,45699
comuna 6,24,2024-01-30,40377
comuna 4,98,2024-01-30,46953
comuna 7,16,2024-06-23,15275
comuna 10 ,84,2024-06-23,40559
comuna 12 ,65,2024-07-31,30574
comuna16,95,2024-06-25,19965
comuna 13,79,2024-07-31,43572
comuna 13,44,2024-06-25,16366
comuna 4,99,2024-06-23,38454
comuna 3 ,88,2024-06-23,38336
comuna 12 ,24,2024-06-25,18715
comuna 7,57,2024-06-25,31068
comuna 14,93,2024-06-25,4119
comuna 7,19,2024-01-30,35727
comuna 3 ,77,2024-07-31,22313
comuna 8,32,2024-06-23,15550
comuna 12 ,14,2024-06-25,37626
comuna 9,90,2024-06-23,1116
comuna 10 ,24,2024-06-23,18756
comuna 12 ,22,2024-01-30,32755
comuna 10 ,23,2024-06-23,37239
comuna 7,41,2024-07-31,10782
comuna 2,95,2024-07-31,9844
comuna 6,91,2024-01-30,49051
comuna 15,15,2024-07-31,37771
comuna 4,99,2024-01-30,3954
comuna 7,44,2024-06-23,12198
comuna 3 ,45,2024-07-31,16728
comuna 3 ,51,2024-06-23,3992
comuna 2,69,2024-06-23,47866
comuna 13,33,2024-07-31,39409
comuna 15,11,2024-07-31,48504
comuna 11,27,2024-06-23,27943
comuna 6,85,2024-01-30,34717
comuna 11,60,2024-06-23,24452
comuna 7,17,2024-01-30,46785
comuna 6,90,2024-06-25,22285
comuna 10 ,28,2024-01-30,20785
comuna 3 ,78,2024-07-31,8517
comuna 10 ,77,2024-07-31,49840
comuna 6,58,2024-06-25,6811
comuna 10 ,12,2024-01-30,39898
comuna 2,86,2024-06-25,6966
comuna 15,83,2024-07-31,37089
comuna 12 ,26,2024-01-30,32544
comuna16,65,2024-06-23,21339
comuna 9,97,2024-06-25,18698
comuna 1,26,2024-06-23,22060
comuna 10 ,39,2024-01-30,17756
comuna 7,31,2024-07-31,27935
comuna 2,55,2024-01-30,14469
comuna 8,44,2024-07-31,29644
comuna 9,63,2024-06-25,15336
comuna 13,12,2024-06-25,33739
comuna 11,92,2024-06-25,41802
comuna 10 ,12,2024-07-31,36001
comuna 4,75,2024-06-25,23555
comuna 12 ,25,2024-06-25,4438
comuna 3 ,30,2024-01-30,16264
comuna 9,69,2024-01-30,18213
comuna 7,88,2024-07-31,32784
comuna 8,90,2024-01-30,35223
comuna 14,98,2024-06-23,30654
comuna 1,42,2024-01-30,31230
comuna 13,16,2024-07-31,44045
comuna 3 ,12,2024-06-23,14732
comuna 1,30,2024-01-30,6866
comuna 3 ,86,2024-06-25,20715
comuna 12 ,83,2024-01-30,33157
comuna 8,79,2024-07-31,27233
comuna 1,30,2024-01-30,1688
comuna 7,96,2024-06-25,3292
comuna 3 ,78,2024-06-25,31924
comuna 15,37,2024-07-31,40076
comuna 11,25,2024-01-30,49192
comuna 12 ,72,2024-06-23,21619
comuna 11,95,2024-06-25,45949
comuna 6,52,2024-01-30,19351
comuna16,98,2024-07-31,36956
comuna 11,54,2024-06-25,35114
comuna 13,80,2024-06-23,16180
comuna 7,72,2024-07-31,16595
comuna 8,97,2024-06-23,1650
comuna 8,19,2024-01-30,3584
comuna 13,47,2024-06-23,20505
comuna 13,71,2024-07-31,8691
comuna 4,30,2024-06-25,43734
comuna 8,80,2024-01-30,41584
comuna 4,33,2024-06-25,5507
comuna 8,21,2024-01-30,21223
comuna 7,25,2024-06-25,21616
comuna 9,84,2024-06-23,6176
comuna 12 ,84,2024-06-25,45521
comuna 1,83,2024-06-23,44578
comuna 3 ,73,2024-01-30,47022
comuna 2,50,2024-07-31,20894
comuna 10 ,52,2024-01-30,19780
comuna 13,17,2024-06-23,39152
comuna 9,56,2024-07-31,33620
comuna 3 ,77,2024-01-30,36123
comuna 8,23,2024-07-31,32067
comuna 6,65,2024-06-23,14040
comuna 2,95,2024-07-31,16905
comuna 3 ,76,2024-06-25,43282
comuna 2,34,2024-06-25,33862
comuna 4,36,2024-06-25,31554
comuna 12 ,58,2024-06-23,770
comuna 14,78,2024-01-30,30528
comuna 6,80,2024-06-23,10265
comuna 2,27,2024-06-23,12376
comuna 14,48,2024-01-30,28128
comuna 10 ,21,2024-07-31,46021
comuna 10 ,33,2024-06-25,33781
comuna 2,31,2024-06-23,10302
comuna 5,84,2024-01-30,13663
comuna 3 ,27,2024-07-31,41694
comuna 11,75,2024-06-23,33147
comuna 14,26,2024-06-25,23214
comuna 6,92,2024-06-25,812
comuna 7,72,2024-06-23,10617
comuna 3 ,76,2024-07-31,41055
comuna 9,20,2024-07-31,29962
comuna16,11,2024-06-25,6028
comuna16,71,2024-06-23,5613
comuna 8,41,2024-06-23,9915
comuna 12 ,40,2024-01-30,35100
comuna 7,69,2024-01-30,21260
comuna 1,13,2024-06-23,623
comuna 7,95,2024-06-25,405
comuna 12 ,73,2024-01-30,5034
comuna 6,95,2024-07-31,49957
comuna 3 ,72,2024-06-23,35173
comuna 15,46,2024-07-31,1326
comuna 12 ,33,2024-01-30,33048
comuna 15,41,2024-06-23,19245
comuna 5,58,2024-01-30,13333
comuna 11,98,2024-01-30,22914
comuna 15,39,2024-01-30,5596
comuna16,32,2024-01-30,2339
comuna 10 ,94,2024-06-23,1185
comuna 14,30,2024-06-25,745
comuna 2,30,2024-06-25,38818
comuna16,64,2024-01-30,32201
comuna 11,21,2024-06-25,22049
comuna16,47,2024-06-23,20453
comuna 13,63,2024-06-25,15747
comuna 8,91,2024-06-25,3211
comuna 11,16,2024-06-25,25357
comuna 1,17,2024-06-23,16662
comuna 2,34,2024-01-30,15609
comuna 8,49,2024-01-30,27512
comuna16,69,2024-07-31,12534
comuna 9,54,2024-06-23,11043
comuna 1,92,2024-01-30,1325
comuna16,52,2024-01-30,1421
comuna 10 ,92,2024-01-30,36642
comuna 7,30,2024-01-30,35293
comuna 13,44,2024-06-23,38457
comuna 7,21,2024-07-31,9238
comuna 5,72,2024-06-23,46214
comuna 2,23,2024-06-23,35128
comuna 10 ,96,2024-06-23,8248
comuna 11,88,2024-06-25,11969
comuna 3 ,49,2024-01-30,48335
comuna 5,55,2024-07-31,121
comuna 11,13,2024-07-31,3026
comuna 15,36,2024-07-31,40443
comuna 11,14,2024-06-23,3569
comuna 7,67,2024-01-30,8597
comuna 2,83,2024-06-25,45127
comuna 2,67,2024-07-31,46355
comuna16,52,2024-01-30,33007
comuna 10 ,16,2024-06-23,13637
comuna 12 ,34,2024-01-30,35484
comuna 11,59,2024-01-30,6836
comuna16,14,2024-06-25,22657
comuna 2,28,2024-06-25,34349
comuna 13,99,2024-07-31,38623
comuna 2,91,2024-06-25,5324
comuna 13,17,2024-06-25,33111
comuna 7,68,2024-07-31,3986
comuna 4,36,2024-06-25,42675
comuna 15,34,2024-06-23,34261
comuna 4,73,2024-01-30,6929
comuna 2,50,2024-06-23,26416
comuna16,92,2024-06-25,309
comuna 10 ,13,2024-06-23,19989
comuna 10 ,30,2024-07-31,35919
comuna 11,21,2024-07-31,28283
comuna 9,73,2024-06-25,25751
comuna 11,92,2024-06-25,15935
comuna 7,35,2024-01-30,29099
comuna 4,80,2024-06-25,49100
comuna 13,51,2024-07-31,11886
comuna16,43,2024-06-23,46602
comuna 4,65,2024-07-31,42196
comuna 14,41,2024-06-23,48687
comuna 12 ,93,2024-01-30,14866
comuna 6,79,2024-06-25,36875
comuna 13,13,2024-07-31,47986
comuna 15,73,2024-01-30,6684
comuna 4,88,2024-06-25,17290
comuna 4,23,2024-06-25,42517
comuna 11,46,2024-06-25,20456
comuna 12 ,54,2024-06-25,33142
comuna 8,42,2024-07-31,24488
comuna 8,50,2024-06-25,13799
comuna 2,96,2024-07-31,13974
comuna 7,98,2024-01-30,17347
comuna16,22,2024-01-30,33920
comuna16,19,2024-07-31,30284
comuna 10 ,21,2024-01-30,8607
comuna 3 ,10,2024-07-31,49468
comuna 4,83,2024-06-23,39051
comuna 2,30,2024-01-30,47235
comuna 11,81,2024-06-25,13799
comuna 8,43,2024-07-31,28763
comuna 2,78,2024-07-31,25234
comuna 14,56,2024-01-30,868
comuna 12 ,74,2024-01-30,31390
comuna 14,28,2024-06-25,3540
comuna 12 ,39,2024-06-23,13218
comuna 12 ,87,2024-06-25,27137
comuna 14,91,2024-01-30,26200
comuna 5,96,2024-06-25,32370
comuna 10 ,63,2024-01-30,37843
comuna 9,19,2024-06-23,14681
comuna 5,62,2024-01-30,37502
comuna 2,11,2024-06-25,20330
comuna 8,39,2024-01-30,22468
comuna 1,55,2024-06-23,45065
comuna 5,78,2024-07-31,8703
comuna 10 ,79,2024-01-30,15497
comuna 14,12,2024-06-25,33600
comuna 10 ,56,2024-06-25,1060
comuna 13,98,2024-06-23,20243
comuna 8,36,2024-01-30,18449
comuna 11,59,2024-01-30,48780
comuna 5,49,2024-01-30,35034
comuna 15,28,2024-06-23,29926
comuna 12 ,50,2024-06-25,48710
comuna 13,19,2024-01-30,1599
comuna 13,19,2024-01-30,3488
comuna 6,75,2024-06-23,13188
comuna 3 ,38,2024-06-23,8681
comuna 13,59,2024-01-30,2964
comuna 8,60,2024-01-30,28436
comuna 10 ,18,2024-06-25,22413
comuna 15,14,2024-01-30,14330
comuna 15,53,2024-07-31,13664
comuna 8,17,2024-06-25,11928
comuna 8,34,2024-06-23,47245
comuna 8,24,2024-01-30,4554
comuna 3 ,87,2024-06-25,39619
comuna 7,18,2024-06-23,34702
comuna 11,73,2024-06-23,22503
comuna 4,59,2024-01-30,6278
comuna 3 ,72,2024-06-25,18914
comuna 5,67,2024-06-25,48166
comuna 4,42,2024-07-31,216
comuna 9,94,2024-06-23,25107
comuna 12 ,78,2024-06-25,17187
comuna 15,51,2024-06-23,39365
comuna 13,53,2024-07-31,41143
comuna 13,51,2024-01-30,17246
comuna 8,46,2024-01-30,4071
comuna 14,73,2024-06-23,40246
comuna 13,63,2024-06-23,4011
comuna 8,71,2024-01-30,29666
comuna 8,89,2024-06-25,8344
comuna 2,70,2024-06-25,1010
comuna 1,60,2024-06-23,28422
comuna 14,99,2024-07-31,33083
comuna 14,19,2024-01-30,34405
comuna 11,10,2024-07-31,1210
comuna 13,84,2024-01-30,6482
comuna 14,43,2024-07-31,48820
comuna 10 ,50,2024-06-25,17031
comuna16,34,2024-01-30,48518
comuna 1,34,2024-06-25,10387
comuna 12 ,71,2024-07-31,43052
comuna 11,32,2024-06-23,4565
comuna 10 ,97,2024-01-30,1966
comuna 15,31,2024-01-30,38613
comuna 6,95,2024-07-31,16027
comuna 8,85,2024-01-30,47496
comuna 11,18,2024-06-25,27176
comuna 12 ,68,2024-06-25,44834
comuna 7,96,2024-01-30,1276
comuna 11,95,2024-07-31,29439
comuna 13,98,2024-07-31,37254
comuna 7,63,2024-06-25,18605
comuna 6,25,2024-06-23,33941
comuna 3 ,32,2024-06-23,2463
comuna 9,90,2024-06-23,38948
comuna 12 ,16,2024-06-23,41838
comuna 9,45,2024-01-30,27150
comuna 3 ,35,2024-01-30,39630
comuna 4,68,2024-01-30,47757
comuna 2,99,2024-06-23,46462
comuna 15,62,2024-06-25,49845
comuna 8,14,2024-07-31,41440
comuna 1,50,2024-06-25,17004
comuna 6,42,2024-07-31,48646
comuna 15,32,2024-06-25,4622
comuna16,89,2024-01-30,39951
comuna 14,36,2024-01-30,36965
comuna 13,96,2024-07-31,45515
comuna 2,36,2024-06-25,14490
comuna 2,73,2024-01-30,33795
comuna 7,54,2024-06-23,19693
comuna 3 ,83,2024-06-25,8085
comuna 9,100,2024-07-31,44963
comuna 11,53,2024-01-30,24830
comuna 12 ,32,2024-07-31,33346
comuna 11,28,2024-07-31,26125
comuna16,84,2024-06-25,43028
comuna 6,18,2024-06-25,33163
comuna 13,57,2024-07-31,30490
comuna 8,47,2024-07-31,21777
comuna 4,18,2024-07-31,25476
comuna 9,84,2024-06-23,10992
comuna 5,53,2024-06-23,6637
comuna 10 ,85,2024-01-30,6054
comuna 11,18,2024-06-23,4320
comuna 10 ,17,2024-06-25,43439
comuna 13,11,2024-07-31,15217
comuna 14,65,2024-01-30,3625
comuna 13,48,2024-07-31,4528
comuna 3 ,97,2024-07-31,43555
comuna 12 ,45,2024-01-30,13044
comuna 15,57,2024-07-31,25794
comuna 2,38,2024-07-31,167
comuna 5,10,2024-01-30,39876
comuna 6,39,2024-06-25,34071
comuna 13,95,2024-01-30,39401
comuna 14,67,2024-01-30,18480
comuna 3 ,93,2024-07-31,39444
comuna 14,93,2024-06-23,38510
comuna 8,96,2024-06-23,35457
comuna 3 ,37,2024-06-25,19170
comuna16,32,2024-06-23,28063
comuna 14,48,2024-06-23,49201
comuna 15,21,2024-06-25,4437
comuna 3 ,51,2024-06-25,6898
comuna 1,45,2024-06-23,38464
comuna16,11,2024-07-31,28534
comuna 8,40,2024-01-30,20245
comuna 5,77,2024-06-25,14698
comuna 6,52,2024-06-23,4118
comuna 2,70,2024-07-31,40869
comuna 2,81,2024-07-31,4744
comuna 6,77,2024-06-25,29959
comuna 6,83,2024-06-23,16022
comuna 10 ,39,2024-06-23,4415
comuna 8,68,2024-06-25,15164
comuna 12 ,53,2024-06-25,47847
comuna 10 ,85,2024-06-23,6617
comuna 3 ,35,2024-01-30,17110
comuna 1,93,2024-01-30,38611
comuna 6,91,2024-06-23,2347
comuna 2,62,2024-01-30,30639
comuna 13,86,2024-06-23,6054
comuna16,18,2024-01-30,8717
comuna 11,57,2024-06-23,2536
comuna 10 ,41,2024-07-31,17682
comuna 14,14,2024-06-23,6032
comuna 4,67,2024-01-30,25868
comuna 8,54,2024-07-31,45808
comuna 10 ,91,2024-06-23,2759
comuna 3 ,99,2024-01-30,43935
comuna 3 ,78,2024-07-31,29062
comuna 12 ,85,2024-07-31,47378
comuna 4,86,2024-01-30,15966
comuna 9,12,2024-06-23,19965
comuna 8,62,2024-06-25,33505
comuna 4,59,2024-01-30,48360
comuna 8,95,2024-07-31,26928
comuna 6,79,2024-07-31,25859
comuna 15,65,2024-07-31,34112
comuna 10 ,43,2024-06-25,48638
comuna16,17,2024-01-30,2651
comuna16,71,2024-01-30,1734
comuna 12 ,70,2024-07-31,10596
comuna16,79,2024-06-25,47221
comuna 8,17,2024-07-31,11385
comuna 4,74,2024-06-25,781
comuna 9,22,2024-06-25,45340
comuna16,97,2024-06-25,1652
comuna 15,79,2024-01-30,48176
comuna 2,73,2024-06-25,43515
comuna 10 ,71,2024-01-30,20669
comuna 4,83,2024-06-23,14447
comuna 8,46,2024-06-23,36417
comuna 8,75,2024-01-30,12481
comuna 9,63,2024-06-25,20852
comuna 9,10,2024-06-25,23850
comuna 9,63,2024-01-30,17357
comuna 4,72,2024-07-31,44008
comuna 2,84,2024-07-31,10930
comuna 15,95,2024-07-31,7219
comuna 3 ,95,2024-01-30,47091
comuna 3 ,87,2024-06-23,28525
comuna 15,14,2024-01-30,36629
comuna 3 ,44,2024-06-25,42786
comuna 11,13,2024-06-25,39858
comuna 9,97,2024-06-25,20963
comuna16,46,2024-01-30,2775
comuna 12 ,78,2024-06-23,21295
comuna16,27,2024-07-31,48464
comuna 11,87,2024-01-30,47157
comuna 3 ,83,2024-06-23,11506
comuna 13,27,2024-07-31,49573
comuna 13,48,2024-07-31,42110
comuna 12 ,93,2024-06-23,42162
comuna 10 ,51,2024-01-30,44332
comuna 4,50,2024-01-30,45614
comuna 13,91,2024-06-23,28260
comuna 4,25,2024-06-25,42869
comuna 10 ,85,2024-01-30,42915
comuna 13,76,2024-01-30,34470
comuna16,47,2024-06-25,13976
comuna 15,47,2024-01-30,39913
comuna 4,49,2024-06-23,8029
comuna 8,52,2024-06-23,4924
comuna 14,28,2024-01-30,9031
comuna 1,36,2024-01-30,29516
comuna 4,15,2024-06-23,43503
comuna 3 ,85,2024-06-25,23721
comuna 11,23,2024-06-25,42026
comuna 4,66,2024-01-30,9622
comuna 7,16,2024-06-23,21514
comuna 4,43,2024-01-30,42851
comuna 11,58,2024-06-23,31268
comuna 12 ,98,2024-01-30,46931
comuna 13,64,2024-06-25,29996
comuna 1,82,2024-06-23,11144
comuna 9,95,2024-01-30,13425
comuna 3 ,100,2024-06-25,46003
comuna 13,93,2024-07-31,2960
comuna 15,84,2024-01-30,27723
comuna 8,81,2024-07-31,7834
comuna 10 ,19,2024-01-30,48462
comuna 5,85,2024-06-23,37212
comuna 12 ,65,2024-01-30,32755
comuna 1,40,2024-06-23,8953
comuna 6,52,2024-06-23,5903
comuna16,54,2024-07-31,35509
comuna 10 ,99,2024-06-25,45074
comuna 7,24,2024-06-23,35334
comuna 4,93,2024-06-25,17826
comuna 10 ,16,2024-06-23,1507
comuna 1,23,2024-07-31,39905
comuna 13,36,2024-06-25,27230
comuna 6,33,2024-06-25,23722
comuna 7,49,2024-06-25,35552
comuna 13,53,2024-06-25,1611
comuna16,79,2024-06-23,39706
comuna 13,64,2024-06-23,13247
comuna 6,42,2024-06-25,46186
comuna 15,44,2024-06-23,11787
comuna 4,90,2024-07-31,29065
comuna16,89,2024-06-23,15008
comuna 14,83,2024-07-31,44170
comuna 9,86,2024-06-25,31101
comuna 2,76,2024-06-25,7650
comuna 7,99,2024-06-23,360
comuna 5,85,2024-01-30,45053
comuna 5,96,2024-06-23,5856
comuna 12 ,90,2024-06-23,22480
comuna 6,86,2024-06-25,15333
comuna 7,31,2024-06-23,31921
comuna 1,88,2024-01-30,39690
comuna 13,71,2024-06-23,25688
comuna 13,78,2024-01-30,31067
comuna 13,27,2024-07-31,19633
comuna 10 ,50,2024-07-31,24654
comuna 1,20,2024-07-31,35016
comuna 11,76,2024-06-23,25080
comuna16,26,2024-01-30,4064
comuna 10 ,68,2024-01-30,37489
comuna 8,20,2024-06-23,25241
comuna 9,11,2024-07-31,31134
comuna 2,29,2024-06-23,43551
comuna 2,59,2024-01-30,1481
comuna 15,53,2024-06-23,3143
comuna 6,67,2024-01-30,35866
comuna 10 ,86,2024-01-30,46775
comuna 1,50,2024-07-31,9390
comuna 3 ,92,2024-06-25,8426
comuna 12 ,67,2024-06-23,5857
comuna16,95,2024-01-30,16326
comuna 7,65,2024-06-23,853
comuna 14,50,2024-07-31,35228
comuna 14,59,2024-06-25,8070
comuna 2,47,2024-07-31,44735
comuna 11,49,2024-07-31,7935
comuna 4,69,2024-06-25,1997
comuna 6,32,2024-06-23,3227
comuna 11,22,2024-06-25,28919
comuna 5,59,2024-01-30,787
comuna 14,13,2024-06-23,4694
comuna 7,92,2024-06-23,25018
comuna 13,34,2024-07-31,26583
comuna 10 ,23,2024-01-30,14792
comuna 10 ,29,2024-07-31,33778
comuna16,33,2024-06-23,32705
comuna 15,21,2024-06-23,40175
comuna 7,50,2024-01-30,36325
comuna 15,15,2024-07-31,47488
comuna 10 ,29,2024-06-23,32893
comuna 8,26,2024-06-25,17420
comuna 9,30,2024-07-31,970
comuna 2,24,2024-06-23,5699
comuna 2,87,2024-01-30,24228
comuna 1,90,2024-06-23,3056
comuna 14,13,2024-01-30,43024
comuna 10 ,71,2024-06-23,44130
comuna 5,24,2024-07-31,77
comuna 14,14,2024-07-31,31564
comuna 13,56,2024-07-31,4874
comuna 15,18,2024-06-23,33612
comuna 10 ,14,2024-06-25,36899
comuna 4,17,2024-06-23,44620
comuna 4,64,2024-07-31,32308
comuna 11,70,2024-01-30,36459
comuna 7,86,2024-07-31,47534
comuna 12 ,81,2024-07-31,28269
comuna 4,74,2024-07-31,10210
comuna 12 ,18,2024-06-25,34481
comuna 15,46,2024-06-23,23854
comuna 6,94,2024-06-25,27241
comuna 6,49,2024-07-31,24381
comuna 12 ,48,2024-06-23,5111
comuna 14,30,2024-06-23,40370
comuna 4,13,2024-07-31,46513
comuna 5,48,2024-01-30,47805
comuna 1,88,2024-06-23,26894
comuna 12 ,60,2024-06-25,35598
comuna 1,92,2024-01-30,14175
comuna 6,31,2024-06-25,17751
comuna 2,61,2024-06-25,16012
comuna 15,19,2024-06-25,25763
comuna 15,97,2024-01-30,13146
comuna 6,56,2024-06-23,19166
comuna 3 ,45,2024-01-30,24006
comuna 1,17,2024-01-30,46666
comuna 4,10,2024-06-25,48543
comuna 11,68,2024-07-31,8607
comuna 15,62,2024-01-30,14827
comuna 14,95,2024-06-25,23108
comuna 4,37,2024-06-23,10828
comuna 9,45,2024-06-23,4028
comuna 4,51,2024-01-30,7759
comuna 12 ,45,2024-06-23,5238
comuna 2,54,2024-07-31,18835
comuna 10 ,18,2024-07-31,1035
comuna 15,90,2024-07-31,49396
comuna 6,88,2024-06-23,434
comuna 9,15,2024-06-23,12851
comuna16,81,2024-07-31,37590
comuna16,16,2024-06-25,6097
comuna 9,21,2024-01-30,20917
comuna 11,35,2024-06-25,46437
comuna 8,58,2024-06-25,6429
comuna 14,13,2024-06-23,22924
comuna 13,74,2024-06-25,16458
comuna 6,84,2024-07-31,42425
comuna 12 ,27,2024-06-25,39820
comuna 3 ,15,2024-07-31,32427
comuna 5,39,2024-06-25,29602
comuna 4,98,2024-06-25,24334
comuna 6,80,2024-01-30,32257
comuna16,13,2024-07-31,46657
comuna 6,18,2024-06-23,31019
comuna 13,12,2024-06-23,19315
comuna 1,75,2024-01-30,13365
comuna 11,48,2024-01-30,24459
comuna 7,15,2024-01-30,22119
comuna16,36,2024-06-25,6160
comuna 7,91,2024-01-30,42616
comuna 4,45,2024-06-25,2459
comuna 13,30,2024-01-30,15758
comuna 4,71,2024-01-30,20692
comuna 6,30,2024-07-31,41752
comuna 15,48,2024-01-30,44643
comuna 5,82,2024-06-23,37531
comuna 9,86,2024-01-30,13045
comuna 1,21,2024-07-31,16624
comuna 1,12,2024-07-31,31817
comuna 1,59,2024-01-30,6592
comuna 8,24,2024-06-25,2535
comuna 12 ,86,2024-06-23,29393
comuna 15,58,2024-06-23,39733
comuna 11,86,2024-06-25,49765
comuna 15,45,2024-07-31,19666
comuna 6,64,2024-01-30,26744
comuna 6,55,2024-01-30,41674
comuna 8,76,2024-06-25,33146
comuna 10 ,12,2024-06-25,12768
comuna 2,32,2024-07-31,13971
comuna 7,98,2024-07-31,30039
comuna 14,25,2024-07-31,27410
comuna 11,87,2024-06-23,1058
comuna 3 ,75,2024-06-25,47330
comuna 10 ,74,2024-01-30,14010
comuna 12 ,10,2024-01-30,9181
comuna 15,97,2024-06-25,43739
comuna 12 ,26,2024-07-31,44998
comuna 10 ,48,2024-07-31,39485
comuna 8,18,2024-06-25,42855
comuna 12 ,63,2024-06-23,46446
comuna 8,71,2024-07-31,485
comuna 7,20,2024-01-30,28643
comuna 10 ,12,2024-01-30,1944
comuna 15,55,2024-06-23,1360
comuna 15,57,2024-06-25,36433
comuna 15,61,2024-06-23,11101
comuna16,40,2024-06-23,1375
comuna 5,70,2024-06-25,28362
comuna 2,68,2024-01-30,38430
comuna 11,52,2024-07-31,7779
comuna 5,64,2024-07-31,6404
comuna 12 ,31,2024-01-30,22925
comuna 12 ,11,2024-06-23,45330
comuna16,65,2024-07-31,47909
comuna 4,22,2024-06-23,24702
comuna 11,10,2024-07-31,13801
comuna 6,95,2024-06-25,35679
comuna 11,16,2024-07-31,18201
comuna 14,86,2024-01-30,8611
comuna 2,12,2024-07-31,7270
comuna 8,44,2024-07-31,19867
comuna 9,43,2024-01-30,37007
comuna 10 ,20,2024-07-31,47559
comuna 9,94,2024-06-23,5583
comuna 7,75,2024-01-30,37049
comuna 9,52,2024-06-23,38192
comuna16,98,2024-07-31,19498
comuna 2,43,2024-07-31,31098
comuna 3 ,19,2024-01-30,4460
comuna 11,22,2024-06-25,13342
comuna 11,65,2024-06-25,5676
comuna 15,87,2024-06-25,11546
comuna 15,41,2024-01-30,21647
comuna 14,60,2024-06-25,27591
comuna 13,31,2024-07-31,47197
comuna 1,84,2024-06-23,16511
comuna 8,13,2024-06-23,3348
comuna 4,90,2024-06-23,5302
comuna 5,36,2024-06-23,24815
comuna16,94,2024-07-31,24357
comuna 6,35,2024-01-30,37978
comuna 2,26,2024-06-25,46945
comuna 6,66,2024-06-23,22205
comuna 10 ,58,2024-07-31,20335
comuna 4,81,2024-06-25,3994
comuna 11,18,2024-06-23,25423
comuna 13,67,2024-01-30,42390
comuna 6,98,2024-06-25,18054
comuna 10 ,36,2024-01-30,10455
comuna 10 ,47,2024-06-25,35248
comuna 11,41,2024-01-30,8041
comuna16,21,2024-06-25,4522
comuna 13,21,2024-06-25,47324
comuna 10 ,66,2024-01-30,14022
comuna 13,54,2024-06-25,2071
comuna 12 ,69,2024-01-30,33882
comuna 9,65,2024-06-25,23722
comuna 6,19,2024-06-25,28501
comuna 4,33,2024-06-25,29905
comuna 9,41,2024-01-30,27843
comuna 9,63,2024-07-31,11722
comuna16,58,2024-07-31,44195
comuna16,70,2024-01-30,45388
comuna 13,13,2024-07-31,8633
comuna 4,39,2024-06-25,29141
comuna 9,35,2024-07-31,45163
comuna 3 ,72,2024-01-30,9089
comuna 2,90,2024-01-30,31305
comuna 8,27,2024-06-25,10013
comuna 7,47,2024-06-25,9944
comuna 8,56,2024-06-25,27190
comuna 4,88,2024-06-25,3177
comuna 1,63,2024-06-23,47506
comuna 1,43,2024-06-25,8738
comuna 7,96,2024-06-25,38426
comuna 12 ,81,2024-01-30,49275
comuna 1,38,2024-01-30,8437
comuna 4,84,2024-06-25,16519
comuna 13,26,2024-01-30,4458
comuna 6,66,2024-06-25,45149
comuna 4,39,2024-01-30,17164
comuna 1,94,2024-06-23,44243
comuna 8,60,2024-01-30,10485
comuna 3 ,73,2024-01-30,20708
comuna 1,86,2024-06-23,987
comuna 11,42,2024-07-31,2262
comuna 11,94,2024-06-25,5688
comuna 9,29,2024-06-23,22508
comuna 13,94,2024-07-31,5846
comuna 12 ,14,2024-07-31,37774
comuna 12 ,17,2024-01-30,7354
comuna 12 ,40,2024-06-25,31514
comuna 14,21,2024-06-23,25121
comuna 11,10,2024-06-23,15222
comuna16,31,2024-01-30,19212
comuna 5,38,2024-06-23,33309
comuna 8,50,2024-06-23,13291
comuna 6,18,2024-01-30,10605
comuna 9,70,2024-06-23,28581
comuna 13,20,2024-01-30,8149
comuna16,16,2024-01-30,47839
comuna 1,87,2024-07-31,45346
comuna 5,29,2024-06-25,19939
comuna 7,40,2024-06-23,37070
comuna 8,73,2024-06-25,24823
comuna 12 ,90,2024-01-30,25836
comuna 8,88,2024-01-30,14407
comuna 8,39,2024-01-30,1137
comuna 9,15,2024-06-23,28519
comuna 13,55,2024-06-23,42212
comuna 7,79,2024-01-30,21800
comuna 3 ,82,2024-06-23,37613
comuna 13,45,2024-06-23,21012
comuna 1,12,2024-06-23,37691
comuna 15,15,2024-07-31,29338
comuna 2,37,2024-07-31,9308
comuna 13,66,2024-07-31,7534
comuna 11,99,2024-01-30,44333
comuna 7,61,2024-06-23,12169
comuna 6,100,2024-06-23,32734
comuna 2,82,2024-01-30,18741
comuna 2,67,2024-06-25,21937
comuna 9,61,2024-06-25,3504
comuna 14,34,2024-07-31,30981
comuna 7,39,2024-07-31,39528
comuna 6,24,2024-07-31,43697
comuna 15,96,2024-06-25,34888
comuna 5,11,2024-01-30,32789
comuna 14,58,2024-06-25,46424
comuna 2,78,2024-06-23,25681
comuna 12 ,42,2024-07-31,31197
comuna 12 ,68,2024-01-30,23139
comuna 2,27,2024-01-30,8982
comuna 5,70,2024-01-30,34011
comuna 7,71,2024-07-31,18337
comuna 15,74,2024-07-31,31616
comuna 13,18,2024-07-31,39522
comuna 7,50,2024-06-23,3875
comuna 14,11,2024-06-23,22251
comuna 14,62,2024-01-30,1897
comuna 2,83,2024-06-23,10913
comuna 9,72,2024-07-31,26216
comuna 4,53,2024-06-23,2228
comuna 2,51,2024-06-25,18886
comuna 2,91,2024-06-25,27841
comuna 15,46,2024-06-23,14377
comuna 15,46,2024-01-30,48924
comuna 1,60,2024-06-25,35336
comuna 3 ,75,2024-06-23,16752
comuna 2,18,2024-01-30,39503
comuna 12 ,80,2024-06-23,747
comuna 9,47,2024-06-25,47713
comuna 8,77,2024-01-30,36805
comuna 5,65,2024-06-23,35807
comuna 3 ,97,2024-06-23,42535
comuna 5,76,2024-07-31,3285
comuna 4,46,2024-06-23,3515
comuna 15,40,2024-07-31,36423
comuna 4,44,2024-06-25,35575
comuna 10 ,15,2024-07-31,39859
comuna 4,84,2024-06-25,20237
comuna 7,41,2024-07-31,12445
comuna 9,34,2024-07-31,45366
comuna 8,27,2024-06-25,2102
comuna 1,58,2024-07-31,45900
comuna 4,30,2024-06-23,7862
comuna 1,23,2024-07-31,22296
comuna 12 ,32,2024-06-25,47926
comuna 3 ,15,2024-01-30,15512
comuna 14,19,2024-07-31,1393
comuna 11,82,2024-07-31,16063
comuna 14,15,2024-07-31,16380
comuna 5,85,2024-06-23,36337
comuna 12 ,50,2024-06-25,1772
comuna 11,74,2024-01-30,31975
comuna 10 ,22,2024-01-30,38355
comuna 7,99,2024-06-23,41505
comuna 1,93,2024-01-30,20102
comuna 11,26,2024-07-31,14745
comuna 10 ,45,2024-01-30,19223
comuna16,46,2024-01-30,37598
comuna 11,74,2024-06-23,11252
comuna 9,85,2024-01-30,41421
comuna 8,46,2024-07-31,43166
comuna 6,84,2024-07-31,21745
comuna 13,36,2024-01-30,31432
comuna 6,70,2024-01-30,524
comuna 12 ,22,2024-06-25,41736
comuna16,85,2024-06-23,38062
comuna 3 ,37,2024-01-30,23733
comuna 3 ,34,2024-01-30,37357
comuna 12 ,84,2024-06-23,8069
comuna 13,64,2024-06-25,46582
comuna 9,35,2024-01-30,91
comuna 8,81,2024-06-25,3819
comuna 7,60,2024-07-31,25294
comuna 5,34,2024-07-31,34028
comuna 4,94,2024-07-31,9896
comuna 10 ,39,2024-06-23,43173
comuna 5,53,2024-06-23,23597
comuna 15,51,2024-07-31,5755
comuna 7,60,2024-01-30,38720
comuna 5,40,2024-07-31,49999
comuna 7,77,2024-07-31,7787
comuna 13,56,2024-06-23,20816
comuna 14,27,2024-06-25,8647
comuna 4,25,2024-01-30,42866
comuna 11,37,2024-06-23,38476
comuna 8,93,2024-01-30,37360
comuna 15,25,2024-07-31,24324
comuna 4,65,2024-06-25,27882
comuna 10 ,93,2024-01-30,22283
comuna 7,82,2024-07-31,32939
comuna 13,41,2024-07-31,36547
comuna 10 ,51,2024-06-23,30684
comuna16,17,2024-06-25,37457
comuna 12 ,56,2024-01-30,36864
comuna 7,39,2024-01-30,3518
comuna 5,30,2024-01-30,26985
comuna 1,83,2024-07-31,35376
comuna 14,24,2024-07-31,33321
comuna 1,91,2024-06-25,24410
comuna 10 ,13,2024-01-30,17202
comuna 3 ,39,2024-01-30,38430
comuna 15,97,2024-01-30,34072
comuna 6,100,2024-07-31,22215
comuna 10 ,82,2024-07-31,19857
comuna 7,82,2024-06-23,12723
comuna 10 ,100,2024-06-25,38439
comuna 7,91,2024-07-31,12796
comuna 2,71,2024-01-30,892
comuna 10 ,70,2024-06-23,4050
comuna 1,87,2024-01-30,8459
comuna16,63,2024-06-25,29420
comuna 6,73,2024-01-30,36205
comuna 2,33,2024-06-25,42799
comuna 14,14,2024-01-30,17258
comuna 2,56,2024-06-25,42182
comuna 6,19,2024-07-31,19132
comuna 3 ,48,2024-06-25,38439
comuna 7,13,2024-07-31,750
comuna 7,23,2024-06-23,21458
comuna 3 ,87,2024-06-25,21512
comuna 8,84,2024-06-25,11811
comuna 4,23,2024-06-25,49183
comuna 15,56,2024-06-25,16545
comuna 15,14,2024-01-30,40858
comuna 11,41,2024-06-25,46405
comuna 12 ,98,2024-07-31,2437
comuna 12 ,64,2024-06-23,43781
comuna 13,48,2024-06-23,14279
comuna 4,48,2024-06-25,37479
comuna16,82,2024-06-25,8333
comuna 10 ,14,2024-06-25,3151
comuna 14,16,2024-06-23,37926
comuna 15,17,2024-06-23,12225
comuna 14,25,2024-07-31,30202
comuna 15,30,2024-01-30,23131
comuna 1,36,2024-06-25,39259
comuna 10 ,92,2024-06-23,9555
comuna16,53,2024-06-23,43613
comuna 7,56,2024-06-23,28704
comuna 14,71,2024-07-31,3122
comuna 12 ,73,2024-07-31,32152
comuna 8,96,2024-06-23,39708
comuna 10 ,12,2024-06-25,15124
comuna 1,62,2024-06-23,8453
comuna16,11,2024-06-25,3027
comuna 7,54,2024-06-25,24718
comuna 14,69,2024-07-31,30669
comuna 9,68,2024-06-25,24019
comuna16,54,2024-07-31,38872
comuna 8,61,2024-06-25,21166
comuna 5,60,2024-06-25,3946
comuna 1,46,2024-06-25,21251
comuna 9,57,2024-06-25,6241
comuna 1,93,2024-01-30,3857
comuna 12 ,44,2024-06-23,40605
comuna 9,53,2024-07-31,16889
comuna16,57,2024-01-30,48916
comuna 9,35,2024-06-23,9025
comuna 10 ,76,2024-07-31,45452
comuna 6,37,2024-01-30,5300
comuna 4,62,2024-01-30,42494
comuna 11,49,2024-01-30,34079
comuna 7,93,2024-01-30,1239
comuna16,17,2024-06-23,40584
comuna 11,41,2024-06-23,36531
comuna 10 ,17,2024-07-31,49046
comuna 1,46,2024-07-31,8284
comuna 7,48,2024-01-30,23914
comuna 2,35,2024-06-25,2071
comuna 14,40,2024-06-25,9971
comuna 15,82,2024-06-25,36369
comuna16,94,2024-06-23,568
comuna 15,98,2024-06-23,32615
comuna 14,68,2024-01-30,45342
comuna16,82,2024-01-30,41068
comuna 8,59,2024-01-30,17175
comuna 15,58,2024-06-23,25533
comuna 13,18,2024-07-31,48542
comuna 13,67,2024-06-23,22519
comuna 15,94,2024-06-25,25069
comuna 4,76,2024-06-23,49851
comuna 3 ,83,2024-01-30,36448
comuna 8,90,2024-07-31,43566
comuna 1,30,2024-01-30,28738
comuna 6,77,2024-01-30,42031
comuna 6,18,2024-06-23,49654
comuna 7,63,2024-07-31,6302
comuna 3 ,77,2024-07-31,36093
comuna 5,97,2024-07-31,34900
comuna 2,49,2024-07-31,44147
comuna 5,30,2024-06-25,25581
comuna 13,14,2024-06-23,25995
comuna 3 ,50,2024-01-30,17478
comuna 10 ,57,2024-06-23,19004
comuna 7,86,2024-06-25,6847
comuna 1,41,2024-06-23,13353
comuna 12 ,66,2024-06-25,8426
comuna 14,53,2024-06-25,23592
comuna16,69,2024-06-25,49660
comuna 14,38,2024-07-31,2617
comuna 11,72,2024-01-30,5805
comuna 9,47,2024-01-30,17302
comuna 4,77,2024-07-31,21715
comuna16,50,2024-07-31,13726
comuna 7,80,2024-01-30,45603
comuna 4,90,2024-06-23,15604
comuna 4,92,2024-06-23,34149
comuna 4,10,2024-01-30,13835
comuna 8,98,2024-01-30,18010
comuna 9,89,2024-06-23,40124
comuna 9,95,2024-06-25,3311
comuna 8,48,2024-06-25,26216
comuna16,66,2024-01-30,26889
comuna 1,77,2024-06-25,44157
comuna 13,26,2024-06-23,20502
comuna 7,50,2024-01-30,31662
comuna 4,63,2024-01-30,44232
comuna 4,99,2024-06-23,6845
comuna 14,54,2024-01-30,42757
comuna 4,29,2024-06-23,23021
comuna 6,76,2024-07-31,30872
comuna 2,67,2024-06-23,17510
comuna 8,88,2024-07-31,10370
comuna 4,24,2024-06-23,7181
comuna 2,67,2024-01-30,47245
comuna 12 ,85,2024-07-31,24790
comuna 13,76,2024-07-31,43719
comuna 3 ,68,2024-06-23,22819
comuna 10 ,13,2024-07-31,12808
comuna 11,15,2024-06-25,28292
comuna 13,34,2024-07-31,35778
comuna 8,93,2024-06-23,16540
comuna 15,18,2024-07-31,31878
comuna 5,13,2024-01-30,9172
comuna 5,28,2024-06-25,41779
comuna 11,32,2024-06-23,47551
comuna 12 ,92,2024-06-23,33515
comuna 12 ,99,2024-07-31,45172
comuna16,52,2024-06-23,44590
comuna 7,83,2024-07-31,47752
comuna 14,69,2024-01-30,43842
comuna 2,86,2024-07-31,3465
comuna 14,88,2024-06-23,35734
comuna 11,76,2024-06-23,44607
comuna 3 ,57,2024-06-25,13659
comuna 3 ,20,2024-07-31,10798
comuna 7,10,2024-07-31,31355
comuna 5,30,2024-01-30,25093
comuna 13,95,2024-06-25,42645
comuna 15,41,2024-01-30,5852
comuna 1,20,2024-06-23,4350
comuna 12 ,83,2024-06-23,43516
comuna 5,69,2024-06-25,32951
comuna 15,80,2024-01-30,12738
comuna 12 ,65,2024-06-23,12809
comuna 5,23,2024-06-23,4320
comuna 14,60,2024-01-30,6781
comuna 15,65,2024-07-31,13192
comuna 6,15,2024-07-31,33435
comuna 13,38,2024-01-30,10078
comuna 4,81,2024-01-30,27127
comuna 11,10,2024-01-30,37834
comuna 14,25,2024-01-30,26172
comuna16,46,2024-06-25,7926
comuna 15,93,2024-06-23,45562
comuna 2,61,2024-06-25,15444
comuna 1,51,2024-07-31,8215
comuna 8,29,2024-06-23,2723
comuna 15,97,2024-01-30,12478
comuna 10 ,64,2024-01-30,32335
comuna 9,65,2024-01-30,15517
comuna 1,77,2024-06-23,25300
comuna 8,29,2024-07-31,29491
comuna 11,64,2024-06-25,121
comuna 13,82,2024-06-23,14937
comuna 15,22,2024-07-31,20678
comuna 10 ,40,2024-01-30,20300
comuna 4,61,2024-06-23,26123
comuna 9,54,2024-06-25,4698
comuna 12 ,57,2024-06-25,5093
comuna 8,26,2024-07-31,49805
comuna 11,80,2024-01-30,5034
comuna16,97,2024-07-31,14125
comuna 5,97,2024-07-31,41915
comuna 8,85,2024-01-30,9118
comuna 4,38,2024-06-23,18728
comuna 9,71,2024-01-30,48949
comuna 11,12,2024-07-31,3847
comuna 9,16,2024-06-25,26026
comuna 6,24,2024-06-23,40244
comuna 6,74,2024-06-25,23853
comuna 7,59,2024-06-23,45528
comuna16,77,2024-06-25,12367
comuna16,10,2024-06-25,10572
comuna 1,39,2024-01-30,17777
comuna16,73,2024-01-30,6681
comuna 12 ,82,2024-06-25,15922
comuna 14,28,2024-07-31,14162
comuna 8,74,2024-06-23,3282
comuna 7,33,2024-07-31,38502
comuna 5,46,2024-06-23,20407
comuna 1,72,2024-06-23,5233
comuna 4,58,2024-06-23,21974
comuna 2,92,2024-06-23,44098
comuna 6,78,2024-06-23,11185
comuna 14,92,2024-07-31,34694
comuna 13,90,2024-06-25,41687
comuna 15,73,2024-07-31,36606
comuna 14,67,2024-06-23,5607
comuna 6,74,2024-06-25,1398
comuna 9,92,2024-06-23,43545
comuna 6,28,2024-07-31,1915
comuna 8,84,2024-06-25,14709
comuna 9,99,2024-07-31,27242
comuna 12 ,95,2024-01-30,36279
comuna 8,10,2024-01-30,40679
comuna 3 ,25,2024-07-31,47618
comuna 1,29,2024-06-25,2476
comuna 5,98,2024-01-30,2569
comuna 14,27,2024-06-23,682
comuna 10 ,27,2024-07-31,43389
comuna 9,18,2024-01-30,46740
comuna 14,37,2024-01-30,44655
comuna 2,100,2024-06-23,31910
comuna 12 ,54,2024-01-30,17524
comuna 1,41,2024-01-30,37006
comuna 7,77,2024-07-31,15846
comuna16,90,2024-01-30,6208
comuna 14,81,2024-06-25,36275
comuna 5,20,2024-01-30,23581
comuna 6,69,2024-06-23,45805
comuna 2,22,2024-06-23,48010
comuna 5,14,2024-01-30,4329
comuna16,33,2024-06-23,7083
comuna 1,33,2024-01-30,47938
comuna 9,80,2024-01-30,8355
comuna 5,30,2024-07-31,6042
comuna 14,45,2024-06-23,7449
comuna16,81,2024-06-23,36686
comuna 11,49,2024-06-25,44266
comuna 13,26,2024-06-23,29537
comuna 13,70,2024-06-25,48813
comuna 15,82,2024-07-31,16437
comuna 8,69,2024-06-25,44798
comuna 1,40,2024-01-30,40066
comuna 4,44,2024-06-25,46351
comuna 12 ,10,2024-06-23,26377
comuna 2,51,2024-06-25,28415
comuna 4,83,2024-07-31,25855
comuna 14,13,2024-06-25,24042
comuna 10 ,88,2024-07-31,21126
comuna 6,19,2024-06-25,45884
comuna 7,19,2024-01-30,12237
comuna 3 ,15,2024-06-23,48532
comuna 15,33,2024-07-31,38053
comuna 14,14,2024-07-31,28821
comuna16,27,2024-06-23,6112
comuna 1,25,2024-07-31,27831
comuna 13,85,2024-07-31,6453
comuna 11,27,2024-07-31,2933
comuna 12 ,76,2024-07-31,41380
comuna 9,63,2024-01-30,37564
comuna 9,79,2024-01-30,33637
comuna 4,55,2024-07-31,24989
comuna 7,89,2024-01-30,10814
comuna 12 ,15,2024-06-25,3898
comuna 1,21,2024-06-25,48807
comuna 7,60,2024-01-30,46302
comuna16,76,2024-06-23,5764
comuna 2,12,2024-06-25,48949
comuna 4,44,2024-06-23,13800
comuna 11,94,2024-01-30,43965
comuna 8,94,2024-07-31,47093
comuna 13,62,2024-01-30,34703
comuna 15,87,2024-06-23,25305
comuna 4,13,2024-07-31,532
comuna 12 ,17,2024-06-23,40982
comuna 7,74,2024-06-25,36663
comuna 8,51,2024-06-25,24919
comuna 8,89,2024-01-30,48143
comuna16,25,2024-06-23,46204
comuna 4,42,2024-01-30,44429
comuna16,77,2024-07-31,44683
comuna 11,71,2024-06-23,29187
comuna 12 ,62,2024-07-31,3467
comuna 15,71,2024-06-25,9232
comuna 12 ,20,2024-07-31,9754
comuna 15,96,2024-01-30,21587
comuna 5,94,2024-06-25,2707
comuna 14,63,2024-07-31,38474
comuna 14,75,2024-01-30,18129
comuna 14,54,2024-01-30,17967
comuna 5,63,2024-06-23,27902
comuna 7,90,2024-06-23,9041
comuna 13,35,2024-06-25,1970
comuna16,63,2024-06-23,41344
comuna 3 ,56,2024-07-31,42178
comuna 7,39,2024-01-30,442
comuna 6,19,2024-01-30,49583
comuna 4,87,2024-06-23,47639
comuna 7,19,2024-06-23,14594
comuna 5,76,2024-01-30,39452
comuna 5,40,2024-07-31,30609
comuna 8,57,2024-01-30,195
comuna 7,57,2024-06-25,10496
comuna16,36,2024-06-25,1519
comuna16,13,2024-07-31,38795
comuna 2,19,2024-07-31,42623
comuna 15,29,2024-06-25,15137
comuna 10 ,21,2024-06-23,15487
comuna 13,31,2024-06-25,24264
comuna 11,25,2024-01-30,40480
comuna 8,97,2024-06-25,10475
comuna 12 ,87,2024-01-30,23336
comuna 13,23,2024-01-30,33424
comuna 4,96,2024-01-30,39271
comuna 14,86,2024-01-30,22063
comuna 9,99,2024-06-23,12817
comuna 9,66,2024-06-23,8409
comuna 8,95,2024-06-23,14039
comuna 9,90,2024-06-23,27453
comuna 10 ,29,2024-01-30,48574
comuna 6,45,2024-06-23,21266
comuna 2,75,2024-06-23,5496
comuna 6,21,2024-01-30,33847
comuna 4,18,2024-06-23,44022
comuna 3 ,35,2024-07-31,30398
comuna 10 ,59,2024-06-23,29332
comuna 9,44,2024-01-30,29875
comuna 5,82,2024-07-31,5398
comuna 1,72,2024-06-23,36278
comuna 15,17,2024-07-31,6039
comuna 10 ,94,2024-06-23,39809
comuna 15,59,2024-01-30,19020
comuna16,24,2024-06-23,41445
comuna 1,81,2024-01-30,8387
comuna 3 ,55,2024-01-30,24938
comuna 5,47,2024-06-25,41533
comuna 9,19,2024-07-31,18301
comuna 1,42,2024-01-30,33137
comuna 5,72,2024-01-30,29466
comuna 3 ,88,2024-06-23,44886
comuna 11,39,2024-06-23,21378
comuna 2,63,2024-06-23,9461
comuna 4,59,2024-06-23,32284
comuna 3 ,42,2024-06-25,9727
comuna 7,81,2024-07-31,12108
comuna 2,45,2024-06-25,11011
comuna 2,98,2024-06-23,43156
comuna 7,27,2024-07-31,48423
comuna 6,24,2024-06-23,6011
comuna16,65,2024-01-30,43719
comuna 12 ,83,2024-07-31,5499
comuna 8,66,2024-06-23,42780
comuna 10 ,89,2024-06-25,37822
comuna 10 ,84,2024-01-30,3271
comuna 3 ,32,2024-06-23,35819
comuna 6,59,2024-07-31,16621
comuna 5,23,2024-07-31,29386
comuna 9,79,2024-07-31,3493
comuna 2,97,2024-07-31,19124
comuna16,11,2024-06-23,31212
comuna 4,82,2024-07-31,25154
comuna 13,86,2024-07-31,47591
comuna 4,20,2024-07-31,20856
comuna 14,92,2024-06-25,36214
comuna 15,42,2024-06-25,24464
comuna 13,95,2024-07-31,46598
comuna 13,90,2024-06-23,21668
comuna 11,32,2024-07-31,31263
comuna 6,20,2024-06-25,42329
comuna 15,66,2024-01-30,11797
comuna 3 ,24,2024-06-25,34252
comuna 4,83,2024-06-23,35291
comuna 2,53,2024-06-25,46062
comuna 4,70,2024-07-31,17915
comuna 11,13,2024-01-30,31653
comuna 12 ,45,2024-06-25,16396
comuna 9,97,2024-06-23,32598
comuna 11,18,2024-07-31,25640
comuna 15,19,2024-06-23,18371
comuna 5,66,2024-06-23,21341
comuna 5,95,2024-01-30,29230
comuna 1,20,2024-06-23,29784
comuna 7,91,2024-01-30,7572
comuna 5,84,2024-01-30,43872
comuna 8,12,2024-07-31,38673
comuna 9,10,2024-07-31,40610
comuna 1,65,2024-01-30,37565
comuna 11,16,2024-01-30,15191
comuna 6,51,2024-07-31,20761
comuna 3 ,20,2024-07-31,39167
comuna 7,73,2024-06-25,35603
comuna 13,32,2024-06-25,30081
comuna16,17,2024-01-30,23856
comuna 2,61,2024-06-23,28945
comuna 7,72,2024-01-30,18717
comuna 15,63,2024-06-25,37340
comuna 6,58,2024-01-30,39049
comuna 7,86,2024-01-30,45524
comuna 9,14,2024-06-23,30923
comuna 11,99,2024-01-30,7391
comuna 6,52,2024-01-30,9944
comuna 15,25,2024-01-30,32563
comuna 9,25,2024-06-25,37073
comuna 7,99,2024-01-30,14571
comuna 3 ,43,2024-01-30,14342
comuna 5,73,2024-07-31,36077
comuna 1,43,2024-07-31,16389
comuna 6,69,2024-01-30,21033
comuna 5,81,2024-06-25,17986
comuna 4,61,2024-07-31,29480
comuna 12 ,34,2024-06-23,11909
comuna 12 ,46,2024-06-23,6064
comuna 5,89,2024-07-31,27391
comuna 1,19,2024-06-23,33784
comuna 10 ,10,2024-07-31,23652
comuna 13,61,2024-06-23,40506
comuna 15,35,2024-07-31,40029
comuna 9,81,2024-01-30,39810
comuna 10 ,14,2024-07-31,35726
comuna 5,26,2024-01-30,29945
comuna 1,33,2024-01-30,33648
comuna 13,57,2024-01-30,1390
comuna 15,88,2024-06-23,4298
comuna 10 ,73,2024-06-25,20235
comuna 5,50,2024-07-31,1414
comuna 6,50,2024-07-31,27208
comuna 2,98,2024-06-25,39692
comuna 7,97,2024-06-23,42799
comuna 9,16,2024-01-30,33370
comuna16,78,2024-06-23,29496
comuna 12 ,42,2024-06-25,14136
comuna 14,43,2024-06-25,23190
comuna 3 ,76,2024-06-25,33826
comuna 11,53,2024-06-23,32824
comuna 10 ,28,2024-07-31,27193
comuna 13,72,2024-01-30,17032
comuna 1,78,2024-07-31,17498
comuna 7,16,2024-06-25,87
comuna 5,84,2024-01-30,49330
comuna 1,22,2024-06-25,35806
comuna 2,39,2024-07-31,41964
comuna 8,14,2024-07-31,17040
comuna 7,56,2024-01-30,44311
comuna 3 ,41,2024-01-30,25027
comuna 6,72,2024-07-31,42123
comuna 8,69,2024-06-23,49487
comuna 7,65,2024-01-30,17789
comuna 3 ,88,2024-07-31,9948
comuna 11,16,2024-06-25,6527
comuna 11,69,2024-06-25,25021
comuna 6,83,2024-01-30,26082
comuna 7,31,2024-07-31,17771
comuna 1,78,2024-06-23,44837
comuna 15,73,2024-07-31,33072
comuna 1,40,2024-01-30,13
comuna 10 ,83,2024-06-25,23962
comuna 8,38,2024-06-23,3215
comuna 7,59,2024-01-30,40457
comuna 9,54,2024-01-30,12460
comuna 5,27,2024-01-30,41058
comuna 3 ,95,2024-07-31,26890
comuna 3 ,23,2024-06-25,40752
comuna 2,70,2024-06-25,43563
comuna 14,25,2024-01-30,36439
comuna 14,32,2024-06-23,11073
comuna 14,39,2024-01-30,38589
comuna 1,37,2024-06-23,1456
comuna 15,94,2024-01-30,4875
comuna 8,74,2024-06-25,21545
comuna 10 ,19,2024-06-25,22727
comuna 8,77,2024-06-23,5357
comuna16,35,2024-06-25,24852
comuna 10 ,13,2024-07-31,9754
comuna 12 ,30,2024-06-23,24218
comuna 1,27,2024-06-25,32762
comuna 12 ,82,2024-06-25,42444
comuna 5,12,2024-01-30,37358
comuna 12 ,51,2024-06-23,33356
comuna 8,92,2024-06-23,4613
comuna 4,37,2024-06-23,24537
comuna 8,37,2024-06-23,23238
comuna 4,27,2024-06-25,12651
comuna 3 ,54,2024-01-30,15257
comuna 9,88,2024-07-31,36337
comuna 12 ,88,2024-01-30,7400
comuna 7,68,2024-01-30,13199
comuna16,15,2024-01-30,13028
comuna 14,59,2024-07-31,6390
comuna 1,50,2024-01-30,42065
comuna 14,72,2024-06-23,16785
comuna 5,79,2024-06-23,48482
comuna 8,73,2024-01-30,40845
comuna 15,13,2024-01-30,27939
comuna 6,40,2024-06-25,43575
comuna 8,27,2024-07-31,22247
comuna 14,31,2024-06-23,8394
comuna 11,46,2024-06-25,40767
comuna 15,38,2024-01-30,7125
comuna 11,68,2024-07-31,13985
comuna 2,59,2024-07-31,36108
comuna 12 ,54,2024-07-31,18177
comuna 4,90,2024-06-23,28723
comuna 15,73,2024-06-25,27565
comuna 2,42,2024-07-31,23100
comuna 5,70,2024-07-31,47834
comuna 8,93,2024-06-25,29100
comuna 4,63,2024-06-25,21619
comuna 8,29,2024-01-30,13151
comuna 13,51,2024-06-23,35748
comuna 8,96,2024-07-31,40
comuna 15,70,2024-06-25,17734
comuna 3 ,25,2024-06-23,16978
comuna 9,94,2024-07-31,43831
comuna 6,89,2024-01-30,12870
comuna 14,45,2024-01-30,32018
comuna 8,87,2024-06-25,570
comuna 4,34,2024-01-30,45460
comuna 15,93,2024-06-25,41874
comuna 6,49,2024-06-25,25888
comuna 4,38,2024-01-30,44393
comuna16,35,2024-06-23,6193
comuna 15,96,2024-06-23,32917
comuna 10 ,26,2024-01-30,37983
comuna 4,72,2024-06-25,43609
comuna 5,33,2024-06-25,7187
comuna 15,80,2024-01-30,13549
comuna16,43,2024-01-30,4310
comuna 6,39,2024-06-23,44062
comuna 11,96,2024-01-30,48553
comuna 11,38,2024-06-23,41487
comuna 6,75,2024-01-30,42018
comuna 4,24,2024-01-30,19625
comuna 2,50,2024-06-25,3057
comuna16,76,2024-06-23,25976
comuna 8,73,2024-06-23,46415
comuna 14,24,2024-07-31,34125
comuna 3 ,28,2024-01-30,29532
comuna 2,34,2024-07-31,28916
comuna 2,74,2024-06-25,10121
comuna 6,80,2024-06-25,36096
comuna 7,39,2024-01-30,36070
comuna 7,89,2024-07-31,42007
comuna 1,60,2024-06-23,38145
comuna 14,99,2024-06-25,21728
comuna16,66,2024-07-31,39425
comuna 2,21,2024-06-23,22382
comuna 14,69,2024-07-31,49083
comuna 11,37,2024-07-31,33091
comuna 14,13,2024-06-25,34977
comuna 8,95,2024-07-31,340
comuna 6,33,2024-06-25,31343
comuna 12 ,55,2024-01-30,37805
comuna 10 ,88,2024-06-25,28684
comuna 4,56,2024-06-25,25566
comuna 6,52,2024-01-30,1650
comuna16,24,2024-06-25,9586
comuna 11,69,2024-01-30,21689
comuna 12 ,96,2024-01-30,11098
comuna 8,92,2024-06-25,44730
comuna 4,63,2024-06-23,48105
comuna 9,79,2024-06-23,131
comuna 1,34,2024-06-25,32492
comuna 4,72,2024-06-23,10655
comuna 9,51,2024-06-23,20665
comuna 12 ,69,2024-06-25,48979
comuna 14,36,2024-06-23,45441
comuna16,12,2024-06-23,19705
comuna 13,84,2024-07-31,48582
comuna 6,91,2024-06-25,11387
